{
  "project_info": {
    "project_number": "462023457364",
    "project_id": "urna-trabalhotecnico",
    "storage_bucket": "urna-trabalhotecnico.appspot.com"
  },
  "client": [
    {
      "client_info": {
        "mobilesdk_app_id": "1:462023457364:android:daa7b5743675ef08370bc1",
        "android_client_info": {
          "package_name": "com.example.urna_trabalhotecnico"
        }
      },
      "oauth_client": [
        {
          "client_id": "462023457364-teciol9feutl93f1dsqcff6vbf2sbi3q.apps.googleusercontent.com",
          "client_type": 3
        }
      ],
      "api_key": [
        {
          "current_key": "AIzaSyD1HwGPv3ms9nWSoaazlwIXaquDj4qeyb4"
        }
      ],
      "services": {
        "appinvite_service": {
          "other_platform_oauth_client": [
            {
              "client_id": "462023457364-teciol9feutl93f1dsqcff6vbf2sbi3q.apps.googleusercontent.com",
              "client_type": 3
            }
          ]
        }
      }
    }
  ],
  "configuration_version": "1"
}