{
  "project_info": {
    "project_number": "667445860559",
    "project_id": "introsa-70f78",
    "storage_bucket": "introsa-70f78.appspot.com"
  },
  "client": [
    {
      "client_info": {
        "mobilesdk_app_id": "1:667445860559:android:cb1e39dc88acacd2cb7fba",
        "android_client_info": {
          "package_name": "com.example.testesa"
        }
      },
      "oauth_client": [
        {
          "client_id": "667445860559-v2afiijao26d6pk8tfu9nre6t324v6r4.apps.googleusercontent.com",
          "client_type": 3
        }
      ],
      "api_key": [
        {
          "current_key": "AIzaSyCLBczbehKaqdNq3_AB_H0PD-pL36WqnbM"
        }
      ],
      "services": {
        "appinvite_service": {
          "other_platform_oauth_client": [
            {
              "client_id": "667445860559-v2afiijao26d6pk8tfu9nre6t324v6r4.apps.googleusercontent.com",
              "client_type": 3
            }
          ]
        }
      }
    }
  ],
  "configuration_version": "1"
}